question,answer
Каковы требования к заемщикам для получения кредита?,"Требования к заемщикам включают: возраст от 18 до 70 лет, регистрация и проживание в определенных регионах, стабильный доход, гражданство РФ. Дополнительные требования могут включать необходимость в созаемщиках и поручителях. Подробнее о требованиях можно узнать в документе 'Правила потребительского кредитования'."
Какие документы необходимы для получения кредита?,"Для получения кредита необходимо предоставить копии паспорта, СНИЛС, свидетельства ИНН, а также документы, подтверждающие доход и трудоустройство. В случае заемщиков-индивидуальных предпринимателей требуются специфические документы, указанные в пакете документов для ИП."
Каковы условия досрочного погашения кредита?,Заемщик может произвести досрочное полное или частичное погашение кредита в любое время без ограничений по сумме и без предварительного уведомления банка. Подробные условия указаны в документе 'Правила погашения кредита'.
Какие условия по ипотечному кредитованию существуют в вашем банке?,"Ипотечное кредитование предполагает покупку жилья, машино-места или земельных участков, а также рефинансирование ипотек с других банков. Условия включают возраст от 18 до 70 лет, стабильный доход, регистрацию в определенных регионах и российское гражданство. Подробные условия доступны в документе 'Общие условия ипотечного кредитования'."
Какие способы оплаты кредита доступны?,"Оплату кредита можно осуществить через банкоматы, интернет-банк, мобильное приложение или в отделении банка. Подробные способы и условия оплаты изложены в документе 'Способы оплаты кредита'."
Каковы требования к документам при подаче заявки на ипотеку?,"Для подачи заявки на ипотеку необходимо предоставить копии паспорта, СНИЛС, ИНН, документы о доходах и занятости. При необходимости может потребоваться дополнительная документация, например, для ИП или юридических лиц. Подробный перечень требуемых документов содержится в пакете документов для ипотечного кредитования."
Какие требования к заемщику/созаемщикам предъявляются для блока 'Кредитование'?,"Возраст от 18 до 70 лет, гражданство РФ, регистрация и проживание в определенных регионах, стабильный доход."
Что предусмотрено для созаемщиков по кредитам?,"Созаемщиками могут быть любые физические лица, включая ранее поручителей. Количество созаемщиков и их родство не ограничиваются."
Какие документы необходимы для подтверждения дохода и трудоустройства заемщика/созаемщика/поручителя?,"Необходимы паспорт, СНИЛС, свидетельство ИНН и документы, подтверждающие доход и трудоустройство, например, справка о заработной плате."
Какие условия необходимы для рефинансирования ипотечного кредита?,"Для рефинансирования необходимо соблюдение условий текущего кредита более 6 месяцев, наличие положительной кредитной истории и отсутствие текущей просроченной задолженности."
Какие дополнительные скидки предоставляются заемщикам в рамках ипотечного кредитования?,"Предоставляется дополнительная скидка в размере 0,5% годовых для лиц, занимающих определенные должности согласно нормативам."
Какие документы и процедуры необходимы для оформления ипотечного кредита?,"Для оформления ипотеки требуются паспорт, СНИЛС, ИНН, документы на недвижимость, а также проведение оценки объекта, подписание договора и его регистрация в государственных органах."
Какие опции предусмотрены для досрочного погашения кредита?,Заемщик может полностью или частично погасить кредит в любое время без дополнительных комиссий и с возможностью пересчета графика платежей.
Что необходимо для обеспечения ипотечного кредита?,"Для ипотеки требуется залог приобретаемой недвижимости и поручительство, которое может быть предоставлено как супругом(-ой), так и другими физическими или юридическими лицами."
Какие способы погашения задолженности предусмотрены банком для заемщиков?,"Заемщики могут погашать кредит аннуитетными платежами с возможностью досрочного погашения, при этом может быть произведен пересчет графика платежей."
Где можно получить дополнительную информацию или консультацию по кредитованию?,"Дополнительную информацию можно получить, обратившись в информационную службу банка по телефону, через электронную почту или обратившись непосредственно к сотрудникам банка."
"Могу ли я взять кредит, если мне скоро 70?","Да, вы можете взять кредит, если ваш возраст на момент окончания кредитного договора не превысит 70 лет. Важно учесть, что последний платеж по кредиту должен быть произведен до достижения вами 70-летнего возраста."
Что такое аннуитетные платежи?,"Аннуитетные платежи — это равные платежи, которые вы вносите каждый месяц в течение всего срока кредитования, они включают в себя как часть основного долга, так и начисленные проценты."
Как мне узнать больше о кредите 007?,Информацию о кредите 007 вы можете найти в разделе тарифы и условия на нашем сайте или обратившись в службу поддержки. Этот продукт позволяет получать потребительский кредит напрямую через банкоматы или интернет-банк.
"Че надо, чтобы стать вашим клиентом?","Для того чтобы стать клиентом нашего банка, вам нужно открыть счет в одном из наших отделений или онлайн, предоставив необходимые документы, такие как паспорт и СНИЛС."
Какие документы нужны для ипотеки?,"Для оформления ипотеки вам потребуется паспорт, СНИЛС, ИНН, а также документы, подтверждающие ваш доход и право собственности на приобретаемую недвижимость."
Как могу рефинансировать ипотеку из другого банка?,"Для рефинансирования вашей ипотеки вам необходимо предоставить документы о текущем кредите, подтвердить хорошую кредитную историю и отсутствие просроченной задолженности. Подробную консультацию вы можете получить, обратившись к нашему кредитному специалисту."
Могу ли я изменить график платежей по кредиту?,"Да, вы можете запросить изменение графика платежей, особенно после частичного досрочного погашения. Это можно сделать один раз в месяц бесплатно, в других случаях может взиматься комиссия."
Какие льготы у вас есть для пенсионеров?,"Для пенсионеров в нашем банке предусмотрены специальные условия, включая более низкие ставки по кредитам и возможность участия в пенсионных программах. Подробнее обо всех льготах вы можете узнать у наших специалистов."
Что такое поручительство и как его оформить?,"Поручительство — это обязательство третьего лица (поручителя) перед банком о возврате кредита, если основной заемщик не сможет выполнять свои обязательства. Оформить поручительство можно в любом отделении банка, предоставив необходимые документы."
Как проверить статус своей кредитной заявки?,"Статус вашей кредитной заявки вы можете проверить, войдя в ваш личный кабинет в интернет-банке или позвонив в нашу службу поддержки."
"Если мне 18, я могу взять кредит у вас?","Да, с 18 лет вы можете подать заявку на кредит, если у вас есть стабильный доход и вы проживаете в одном из регионов присутствия банка."
"А что делать, если я потерял работу и не могу платить по кредиту?",В такой ситуации вам следует незамедлительно обратиться в банк. Мы можем рассмотреть возможность реструктуризации вашего кредита или другие варианты поддержки.
Ваши банкоматы принимают наличку для погашения кредита?,"Да, наши банкоматы позволяют вносить наличные для погашения кредитов. Также вы можете использовать интернет-банк или мобильное приложение для этой цели."
"Как мне получить кредит, если я живу не в России, но я гражданин РФ?","Для граждан РФ, проживающих за границей, мы предлагаем специальные условия. Вам нужно будет предоставить дополнительные документы, подтверждающие ваш доход и место жительства."
У вас есть какие-то спецпредложения для военных?,"Да, для военнослужащих у нас есть особые кредитные программы с улучшенными условиями. Подробности вы можете узнать на нашем сайте или в любом отделении банка."
"Я студент, могу ли я взять кредит на обучение?","Конечно, студенты могут рассчитывать на кредиты на обучение. Вам нужно будет предоставить подтверждение статуса студента и информацию о вашем образовательном учреждении."
"Что за документы мне надо собрать, чтобы рефинансировать ипотеку?","Для рефинансирования ипотеки вам нужно предоставить документы о текущем кредите, подтверждение дохода, историю текущих платежей и другие справки по вашему запросу в банке."
"Мой брат тоже хочет взять кредит у вас, ему надо идти в банк или можно онлайн?","Ваш брат может начать процесс оформления кредита онлайн через наш сайт или мобильное приложение, а завершить — в ближайшем отделении банка, если это будет необходимо."
"Если я решу погасить кредит раньше, мне вернут проценты?","При досрочном погашении кредита вы экономите на процентах, которые не будут начисляться за оставшийся срок. Точные расчеты можно уточнить, обратившись в службу поддержки."
"А что если у меня изменятся данные паспорта, мне нужно будет вам сообщать?","Да, при любых изменениях ваших персональных данных, включая данные паспорта, необходимо обновить эту информацию в банке. Это можно сделать в любом отделении или через интернет-банк."
Как мне стать стажером в вашем банке?,"Для начала вам нужно заполнить заявку на стажировку прямо на нашем сайте. После этого ожидайте ответа на вашу электронную почту, где мы сообщим дальнейшие шаги."
Что дает прохождение вашего курса по банковскому делу?,"Наш курс 'Банковское дело' проходит дистанционно и длится 1 месяц. Он абсолютно бесплатный и по его окончании мы выдаем диплом, который подтверждает ваши знания и навыки в этой области."
Какие перспективы у меня будут после работы в банке 'Центр-инвест'?,"Работа в банке 'Центр-инвест', лидере на юге России, откроет перед вами много возможностей для профессионального и личного роста. Наш банк активно поддерживает инновации и предлагает различные программы для развития карьеры."
Какие преимущества у вашего банка перед другими?,"Банк 'Центр-инвест' является крупнейшим частным банком на Юге России с сильной рыночной позицией и уникальным ESG-позиционированием. Мы активно развиваем устойчивые кредитные программы и социальные инициативы, что делает нас предпочтительным выбором для клиентов и инвесторов."
Что такое ESG-позиционирование в вашем банке?,"ESG-позиционирование в 'Центр-инвест' включает использование экологических, социальных и управленческих принципов для устойчивого развития. Наш банк первым среди российских банков получил международный ESG-рэнкинг и активно поддерживает зеленые финансы."
"Расскажи, что за зеленые облигации вы выпускаете?","Зеленые облигации — это наши облигации, выпущенные на Московской бирже, цель которых — финансирование экологически устойчивых проектов. Они способствуют достижению целей устойчивого развития и поддерживают национальные экологические инициативы."
Как ваши программы помогают малому бизнесу?,"Наш Акселератор предоставляет платформу для стартапов и малого бизнеса, где они могут разработать и реализовать свои стратегии развития. Мы помогаем более чем 7,900 предпринимателям наладить успешный бизнес в различных секторах."
Как я могу вложиться в ваш банк?,Инвесторы и акционеры могут обратиться к нашему отделу по работе с акционерами и инвесторами для получения подробной информации о возможностях инвестирования и текущих условиях.
Какие курсы у вас есть для студентов?,"Мы предлагаем студентам различные образовательные программы, включая курсы по банковскому делу, которые помогут им глубже понять эту индустрию и подготовиться к будущей карьере в финансовом секторе."
Есть ли у вас специальные предложения для стартапов?,"Да, наш банк активно поддерживает стартапы через Акселератор, который предоставляет не только финансирование, но и менторскую поддержку, помогая молодым компаниям выйти на новый уровень развития."
"Так что, научите меня планировать бюджет, или это только для тех, кто умеет считать?","Конечно научим! Наши курсы по семейному бюджету и личному финансовому планированию доступны для всех, независимо от вашего опыта в финансах. Мы начинаем с основ и постепенно переходим к более сложным темам, чтобы каждый мог управлять своими деньгами эффективно. Запишитесь на курс прямо сейчас: [центринвест курсы](https://www.centrinvest.ru/cabinet/training/)."
"Эй, а реально ли у вас не нарваться на мошенников во время обучения?","Абсолютно! Наш курс 'Осторожно! Мошенники!' специально разработан, чтобы научить вас распознавать и избегать финансовых афер. Мы обеспечиваем безопасное обучение и даем необходимые знания для защиты ваших средств."
"Сколько мне еще нужно учиться, чтобы понять, как использовать банковские карты без риска?","На нашем занятии 'Безопасное использование банковских карт' мы расскажем все тонкости и предостережения всего за несколько уроков. Мы сделаем так, чтобы вы чувствовали себя уверенно и безопасно с вашими картами."
Ну и что мне даст ваш диплом? Могу я сразу устроиться в банк?,Получение диплома по курсу 'Банковское дело' открывает перед вами двери для стажировок и возможностей начать карьеру в банковской сфере. Многие наши выпускники успешно продолжают работать в финансовом секторе. Подайте заявку на обучение здесь: [центринвест курсы](https://www.centrinvest.ru/cabinet/training/).
"А если я сразу хочу работать, а не тратить время на ваши курсы?","Если вы уже чувствуете себя готовым к работе, вы можете попробовать начать с интерншипа в нашем банке или закончите учебу экстерном. Это отличная возможность показать себя и одновременно узнать что-то новое."
"Как вы собираетесь меня учить, если всё меняется каждую минуту?","Наш подход к обучению адаптирован под меняющийся мир. Мы не только передаем знания, но и учим, как постоянно обновлять их, критически оценивать и применять в реальной жизни, чтобы вы всегда оставались на шаг впереди."
Что такое ESG и как это связано со мной?,"ESG означает устойчивое, экологическое и социально ответственное банковское дело. Учась у нас, вы будете применять эти принципы для создания лучшего будущего, что важно не только для вашей карьеры, но и для общества в целом."
"Можно ли научиться предпринимательству, или это врожденное?","Предпринимательские навыки можно развивать! Наш курс 'Малый бизнес' предлагает понимание основ предпринимательства и помогает узнать, как эти знания применять на практике для запуска и развития собственного дела."
"Зачем мне ваш курс, если я и так умный?","Наш курс поможет вам структурировать уже имеющиеся знания и расширить их, предоставив инструменты и методы для их эффективного использования в финансовом мире."
"Как быстро я стану богатым, проходя ваши курсы?","Хотя мы не обещаем мгновенного богатства, наши курсы предоставят вам знания и навыки, которые могут значительно улучшить ваше финансовое положение и способствовать долгосрочному экономическому успеху."
"Так что, только пенсионеры могут получить бесплатные консультации или молодежь тоже может присоединиться?","Наши бесплатные пенсионные вторники специально разработаны для жителей Юга России пенсионного возраста, однако мы всегда рады видеть любого, кто желает повысить свою финансовую грамотность. Просто подайте заявку онлайн и присоединяйтесь к нам!"
А можно лично поговорить с вашими специалистами или только через интернет?,Вы всегда можете заказать обратный звонок через наш сайт и наши специалисты свяжутся с вами для уточнения деталей и возможности личной встречи. Вот ссылка для заказа звонка: [заказать обратный звонок](https://знания-сила.рф/#).
"Сколько стоит на самом деле ваша 'бесплатная' карта, а то вдруг потом сюрпризы вылезут?",Наши пенсионные карты действительно бесплатны за выпуск и обслуживание. Никаких скрытых платежей или неожиданных сюрпризов – прозрачность и честность перед клиентами для нас превыше всего!
"Ваши лекции действительно что-то стоят, или это очередной способ заманить стариков?","Наши лекции по финансовой грамотности очень ценны и содержательны. Они помогают пенсионерам обезопасить себя от мошенников, лучше управлять своими финансами и защитить свои права. Мы гордимся тем, что предоставляем качественное и полезное обучение, подтвержденное положительными отзывами участников."
"Как быстро я научусь у вас пользоваться интернет-банком, чтобы оплачивать ЖКХ без комиссии?","На наших лекциях вы сможете быстро научиться использовать все функции интернет-банка, включая оплату ЖКХ без комиссий. Подайте заявку на участие в следующей серии лекций, и вы узнаете, как удобно и безопасно управлять своими финансами онлайн."
"Как так вышло, что за вашу карту не надо платить? Где подвох?","Отличный вопрос! На самом деле, нет никакого подвоха. Наша карта действительно бесплатная как за выпуск, так и за обслуживание. Мы стремимся предложить нашим клиентам максимально выгодные условия, чтобы вы могли спокойно пользоваться своими средствами без лишних расходов."
"Если я переведу пенсию на вашу карту, насколько быстро я начну получать проценты?","Проценты начинают начисляться сразу после поступления средств на счет. У нас одни из лучших условий по процентам на остаток — 7,5%, начиная всего с 100 рублей на счету."
А мне можно перекинуть деньги на карту просто по номеру телефона? И это вообще безопасно?,"Да, вы можете совершать переводы по номеру телефона до 100 000 ₽ в месяц через систему СБП, абсолютно безопасно. Мы используем современные технологии шифрования и защиты данных, чтобы гарантировать безопасность ваших транзакций."
"Что мне делать, если я хочу ваши услуги, но интернет у меня слабый и я боюсь кибермошенников?","Для клиентов, которые предпочитают не рисковать с интернет-транзакциями, мы предлагаем бесплатную виртуальную карту для покупок в сети, которая обеспечивает дополнительный уровень защиты. Также вы всегда можете обратиться в ближайшее отделение банка и получить помощь на месте."
"Сколько кешбэка я получу, если всё время буду покупать у ваших партнеров?","При покупках у наших партнеров вы можете получить до 30% кешбэка, а за другие покупки мы возвращаем 1% от суммы. Это отличная возможность экономить ежедневно на своих расходах!"
"Как мне поднять свои проценты на вкладе, чтобы они не ели инфляция?","Чтобы увеличить доходность вашего вклада, вы можете выбрать один из наших специализированных вкладов, таких как 'Вклад Суперудобный' или 'Зеленый вклад', которые предлагают более высокие процентные ставки и поддерживают возможность пополнения и снятия. Узнайте больше и откройте вклад прямо сейчас в вашем Мобильном банке."
"А нафига мне ваша пенсионная карта, если я молод и полон сил?","Наша пенсионная карта — это не только для пенсионеров! Она предлагает выгодные условия для всех, кто хочет получать до 7,5% на остаток и пользоваться бесплатным обслуживанием. Плюс, есть кешбеки и без комиссии за основные операции. Зайдите в ближайший офис и получите карту уже сегодня!"
Как быстро я могу перевести бабки своему брату за границу без всей этой бюрократии?,"С нашим сервисом трансграничных переводов вы можете отправить деньги за границу быстро и без лишних формальностей. Просто используйте наш онлайн-сервис или мобильное приложение, и деньги будут у вашего брата в кратчайшие сроки."
"Что мне делать, если я хочу взять ипотеку, но боюсь переплачивать?","Если вас беспокоит переплата по ипотеке, рассмотрите наши услуги по ипотеке с возможностью рефинансирования стороннего банка. Мы предлагаем конкурентные ставки и условия, которые помогут вам сэкономить. Подробности вы можете узнать, кликнув 'Подробнее' на нашем сайте."
Какая там у вас ситуация с курсами валют? Где мне смотреть актуальные цифры?,"Вы можете всегда проверить текущие курсы валют на нашем сайте. Мы обеспечиваем актуальные данные по курсам покупки и продажи основных валют, чтобы вы могли совершать обменные операции на выгодных условиях."
"Че там у вас с этой детской картой, на что она способна?","Наша детская карта в новом дизайне с крутым светодиодом не только выглядит классно, но и дает 3% кешбэк на развлечения и 1% на все остальное. А еще обслуживание карты абсолютно бесплатное. Неплохо, правда? Вот тут можешь оформить: [Детская карта](https://www.centrinvest.ru/for-individuals/cards/debet-cards/mir-child)"
"Эта карта для самозанятых, она мне реально че-то даст, или так, для галочки?","Карта для самозанятых — это не шутки! Оформление и обслуживание бесплатно, кешбэк до 20% у партнеров, и еще и проценты на остаток. Если ты самозанятый, то это твой must have. Щелкай сюда и оформляй: [Карта для самозанятых](https://www.centrinvest.ru/for-individuals/cards/debet-cards)"
"А если я захочу понтануться, какая карта мне подойдет?","Для тех, кто хочет понтануться, у нас есть 'Продвинутая карта'. Серьезно, тут и кешбэк 7% в ресторанах, и до 7,5% на остаток. Обслуживание, правда, 490₽ в месяц, но оно того стоит. Оформи здесь: [Продвинутая карта](https://www.centrinvest.ru/for-individuals/cards/debet-cards)"
Какая карта поможет мне копить на старость?,"Наша пенсионная карта — это ваш золотой билет к накоплению на старость. Обслуживание бесплатно, до 7,5% на остаток и кешбэк до 30% у партнеров. С такой картой и пенсия не страшна! Зацени тут: [Пенсионная карта](https://www.centrinvest.ru/for-individuals/cards/debet-cards)"
У вас есть что-то спецом для фанатов футбола?,"Конечно, есть! Представляю тебе карту болельщика 'Пари Нижний Новгород'. Бесплатное обслуживание, до 6% на остаток и куча бонусов от клуба. Любителям футбола — самое то! Оформляйся здесь: [Карта болельщика 'Пари Нижний Новгород'](https://www.centrinvest.ru/for-individuals/cards/debet-cards)"
Как мне перевести бабло за бугор без всяких заморочек?,"Для беззаботных международных переводов рекомендуем наш сервис трансграничных переводов. Все просто — войди в мобильный банк, выбери опцию перевода за границу и следуй инструкциям. Легко и просто! Инфо здесь: [Трансграничные переводы](https://www.centrinvest.ru/)"
"А можно ли у вас оформить ипотеку онлайн, или надо мотаться в офис?","Оформить ипотеку у нас можно онлайн без необходимости посещения офиса. Заполни заявку на сайте, загрузи все документы и дождись одобрения. Все удобства на расстоянии клика! Подробнее тут: [Ипотека онлайн](https://www.centrinvest.ru/)"
"Сколько мне нужно закинуть на счет, чтобы попасть в ваш клуб 'Мир Supreme'?","Для карты 'Mir Supreme' нужно оплатить 1490₽ в месяц. Зато получаешь два бесплатных посещения залов повышенной комфортности и до 7,5% на остаток. Как видишь, премиум услуги требуют некоторых вложений. Оформи карту здесь: [Mir Supreme](https://www.centrinvest.ru/for-individuals/cards/debet-cards)"
"А что, если я фанат хоккея, а не футбола? Есть у вас что-то для настоящих мужиков?","Пока у нас специальные карты только для футбольных и гандбольных болельщиков. Но не переживай, мы всегда работаем над расширением нашего ассортимента и возможно скоро что-то появится и для хоккейных фанатов. Оставайтесь на связи!"
"Есть у вас что-то для тех, кто хочет инвестировать в зеленые технологии, а не просто держать деньги на счету?","Конечно, наш 'Зеленый вклад' позволяет не только хранить деньги на выгодных условиях, но и поддерживать устойчивое развитие. Это отличный способ инвестировать в будущее нашей планеты. Подробнее о вкладе можно узнать здесь: [Зеленый вклад](https://www.centrinvest.ru/for-individuals/currency-rates)"
Какие условия предлагает ваш банк для покупки машины на кредит?,"Наши условия по автокредиту включают возможность покупки нового или подержанного авто у юридических лиц и ИП. Максимальная сумма кредита не ограничена, процентные ставки варьируются от 18,75% до 19,25% в зависимости от условий. Первоначальный взнос начинается от 10%, а срок кредита может достигать до 7 лет."
Есть ли у вас какие-нибудь скидки на автокредиты?,"Да, мы предлагаем скидку в размере 0,25% за подачу документов через электронные каналы, а также дополнительную скидку в 0,5% для медицинских работников согласно Приказу Министерства Здравоохранения РФ. Также предоставляется скидка для новых клиентов при первом оформлении кредита."
Как я могу рассчитать ежемесячный платеж по автокредиту?,"Вы можете легко рассчитать ежемесячный платеж, используя наш онлайн калькулятор автокредитов. Просто введите стоимость автомобиля, сумму первоначального взноса, срок кредита и узнайте свой ежемесячный платеж."
"А если я физик, но не медик, мне че, никаких скидок?","Для тех, кто не входит в категорию медицинских работников, мы предлагаем другие возможности для снижения ставки, включая скидки за использование электронных каналов для подачи документов. Не забывайте также, что вы можете получить скидку при первом оформлении кредита."
"Какие доки мне собирать, чтобы махнуть на новую тачку через ваш банк?","Для оформления автокредита вам нужно будет предоставить паспорт, СНИЛС, а также документы на выбранный автомобиль и подтверждение дохода. Все подробности вы найдете на нашем сайте или можете уточнить у наших специалистов."
Можно ли рефинансировать уже имеющийся у меня автокредит через ваш банк?,"Да, мы предлагаем услуги по рефинансированию существующих автокредитов. Это может помочь вам снизить процентную ставку или изменить условия кредита для удобства. Оформите заявку через наш сайт или обратитесь за подробностями к нашим специалистам."
"Что это за плата за изменение индивидуальных характеристик обеспечения кредита, и почему это стоит 1000 рублей?","Эта плата взимается за дополнительную работу, связанную с изменением условий обеспечения вашего кредита, например, если вы хотите изменить залоговое имущество. Стоимость в 1000 рублей покрывает административные расходы банка на обработку вашего запроса."
Почему за рассмотрение заявления о перепланировке я должен заплатить 2000 рублей?,"Плата в 2000 рублей взимается за оценку изменений в объекте недвижимости, который является залогом по кредиту. Это важный процесс, который помогает убедиться, что изменения не ухудшат стоимость залога и не повлияют на условия кредитования."
"А как мне действовать, если мне нужно срочно изменить условия кредита?","Для изменения условий вашего кредита необходимо подать соответствующее заявление в банк. В зависимости от изменений, которые вы хотите внести, может взиматься комиссия. Рекомендуем вам обратиться в отделение или воспользоваться онлайн-сервисами для уточнения деталей."
"Сколько бабла мне придется отвалить, если хочу досрочно погасить кредит?","Банк 'Центр-инвест' не взимает комиссию за досрочное погашение кредита. Вы можете погасить кредит досрочно без дополнительных расходов, что позволяет вам экономить на процентах."
"Че за нафиг эти письма и выписки столько стоят? 1000 рублей за штуку, серьезно?","Комиссия за предоставление официальных документов, таких как заверенные копии или письма с решениями банка, покрывает расходы на их подготовку и заверение. Это гарантирует юридическую значимость документов в случае необходимости использования их в официальных целях."
"Могу ли я получить скидку на комиссию, если я часто пользуюсь услугами банка?","В 'Центр-инвест' действует система лояльности для постоянных клиентов, которая может включать скидки на комиссии и улучшенные условия по кредитам и вкладам. Рекомендуем обратиться в службу поддержки или вашего персонального менеджера для уточнения деталей."
"Как мне проверить, нет ли скрытых платежей за моим кредитом?",Всегда рекомендуем клиентам внимательно изучать кредитный договор перед подписанием и проконсультироваться с сотрудником банка по любым непонятным пунктам. Вы также можете запросить детализированную выписку по вашему кредиту в любое время для проверки всех начислений и платежей.
Почему взимается плата за выезд сотрудника банка к клиенту для подписания документации?,"Эта плата покрывает расходы на время и транспорт сотрудника банка, который выезжает к клиенту для подписания документации. Это удобно для клиента, который не может приехать в банк, но требует подписания документов на месте."
Что входит в состав услуги электронной регистрации при ипотечном кредитовании?,"Услуга электронной регистрации включает в себя оформление необходимых документов для регистрации сделки в соответствии с требованиями законодательства, оплату госпошлины и, возможно, услуги нотариуса. Это удобно и обеспечивает правовую защиту сделки."
Какие дополнительные расходы могут возникнуть при электронной регистрации при ипотечном кредитовании?,Дополнительные расходы могут возникнуть при участии дополнительных объектов в сделке или дополнительных участников. Это обусловлено необходимостью дополнительных документов и оплаты госпошлины за каждого дополнительного участника или объект.
Что представляет собой открытие аккредитива для расчетов при ипотечном кредитовании заемщиков?,"Открытие аккредитива для расчетов при ипотечном кредитовании заемщиков представляет собой официальное обязательство банка перед продавцом (например, застройщиком) обеспечить оплату приобретаемого жилья или другого имущества заемщиком."
